{"name":"5b786b38-c15d-4702-b4aa-06cab827f8c4","id":"/providers/Microsoft.Flow/flows/5b786b38-c15d-4702-b4aa-06cab827f8c4","type":"Microsoft.Flow/flows","properties":{"apiId":"/providers/Microsoft.PowerApps/apis/shared_logicflows","displayName":"AI Cold Outreach","definition":{"metadata":{"workflowEntityId":null,"processAdvisorMetadata":null,"flowChargedByPaygo":null,"flowclientsuspensionreason":"None","flowclientsuspensiontime":null,"flowclientsuspensionreasondetails":null,"creator":{"id":"e2555b65-0385-49cb-8cd2-9d5f2f323853","type":"User","tenantId":"48e4597f-f6ce-4925-94d6-17e3be3f5f5a"},"provisioningMethod":"FromDefinition","failureAlertSubscription":true,"clientLastModifiedTime":"2025-01-31T11:49:07.5882376Z","connectionKeySavedTimeKey":"2025-01-31T11:49:07.5882376Z"},"$schema":"https://schema.management.azure.com/providers/Microsoft.Logic/schemas/2016-06-01/workflowdefinition.json#","contentVersion":"1.0.0.0","parameters":{"$connections":{"defaultValue":{},"type":"Object"},"$authentication":{"defaultValue":{},"type":"SecureObject"}},"triggers":{"Recurrence":{"recurrence":{"frequency":"Week","interval":1,"timeZone":"W. Central Africa Standard Time","schedule":{"weekDays":["Monday","Wednesday"],"hours":["9"]}},"metadata":{"operationMetadataId":"60afae7d-041e-4a94-b5ec-4826eb3b0769"},"type":"Recurrence"}},"actions":{"List_rows_present_in_a_table":{"runAfter":{},"metadata":{"01YUQUKNRT6MLA7UWO4ZB35OGWWL3GF3AG":"/codetest.xlsx","operationMetadataId":"804897e9-6c29-4898-9b55-a8572824f51e","flowSystemMetadata":{"swaggerOperationId":"GetItems"},"01YUQUKNTPMNGCH6K3ZZFIRVUO4WAHTSSQ":"/AI Cold Outreach/lead.xlsx"},"type":"ApiConnection","inputs":{"host":{"connection":{"name":"@parameters('$connections')['shared_excelonlinebusiness']['connectionId']"},"api":{"runtimeUrl":"https://default-48e4597f-f6ce-4925-94d6-17e3be3f5f5a.12.common.europe002.azure-apihub.net/apim/excelonlinebusiness"}},"method":"get","path":"/drives/@{encodeURIComponent('b!Q3POT91lSUCWaBJKrYnYynaEOjm4CdhPk3mhJfleUuhRj3l1QlDOTaAd6PwzEhEn')}/files/@{encodeURIComponent(encodeURIComponent('01YUQUKNTPMNGCH6K3ZZFIRVUO4WAHTSSQ'))}/tables/@{encodeURIComponent('{3EBEF9DD-BE1C-4BF3-80CB-D74E7179B629}')}/items","queries":{"source":"me","dateTimeFormat":"ISO 8601"},"authentication":"@parameters('$authentication')"}},"Apply_to_each":{"foreach":"@body('List_rows_present_in_a_table')?['value']","actions":{"Send_an_email":{"runAfter":{},"metadata":{"flowSystemMetadata":{"swaggerOperationId":"SendEmailV2"},"operationMetadataId":"276d7d4d-f14c-44d5-9c02-d8b0c86b6181"},"type":"ApiConnection","inputs":{"host":{"connection":{"name":"@parameters('$connections')['shared_office365']['connectionId']"},"api":{"runtimeUrl":"https://default-48e4597f-f6ce-4925-94d6-17e3be3f5f5a.12.common.europe002.azure-apihub.net/apim/office365"}},"method":"post","body":{"To":"@items('Apply_to_each')?['Email']","Subject":"Maximale Sichtbarkeit für Ihr Projekt @{items('Apply_to_each')?['Project Name']} in @{items('Apply_to_each')?['Location']}\n","Body":"<p>Sehr geehrte/r @{items('Apply_to_each')?['Contact Person']}<br>\n<br>\nich hoffe, diese Nachricht erreicht Sie wohlbehalten. Mein Name ist [Ihr Name], und ich bin von ExposeProfi. Wir unterstützen Immobilienentwickler wie @{items('Apply_to_each')?['Company Name']} dabei, ihre Projekte durch professionelle Fotografie, virtuelle Touren und KI-gestützte Marketinglösungen erfolgreich zu vermarkten.<br>\n<br>\nIch habe gesehen, dass Sie derzeit das Projekt @{items('Apply_to_each')?['Project Name']} in @{items('Apply_to_each')?['Location']} entwickeln. Unsere Dienstleistungen könnten Ihnen helfen, die Sichtbarkeit Ihres Projekts zu maximieren und potenzielle Käufer oder Mieter effektiv anzusprechen.<br>\n<br>\nWären Sie an einem kurzen Gespräch interessiert, um mehr über unsere Lösungen zu erfahren? Ich würde mich freuen, Ihnen zu zeigen, wie wir Sie bei der Vermarktung Ihres Projekts unterstützen können.<br>\n<br>\nMit freundlichen Grüßen,<br>\nIhr Name<br>\nPosition<br>\nExposeProfi<br>\nKontaktdaten</p>"},"path":"/v2/Mail","authentication":"@parameters('$authentication')"}}},"runAfter":{"List_rows_present_in_a_table":["Succeeded"]},"metadata":{"operationMetadataId":"eb36dada-836d-4df9-9e43-aa3801d31b26"},"type":"Foreach"}},"outputs":{},"description":"On a recurring basis, get a row from Excel for Business and send an email."},"connectionReferences":{"shared_excelonlinebusiness":{"connectionName":"shared-excelonlinebu-a57c805d-652e-4a47-8065-1aaf2f6a3c50","source":"Embedded","id":"/providers/Microsoft.PowerApps/apis/shared_excelonlinebusiness","tier":"NotSpecified","apiName":"excelonlinebusiness"},"shared_office365":{"connectionName":"shared-office365-6ee7f8c6-8f46-4044-98d5-f8f312ed161b","source":"Embedded","id":"/providers/Microsoft.PowerApps/apis/shared_office365","tier":"NotSpecified","apiName":"office365"}},"flowFailureAlertSubscribed":false,"isManaged":false}}